,Mon:1,Mon:2,Mon:3,Mon:4,Mon:5,Mon:6,Mon:7,Tue:1,Tue:2,Tue:3,Tue:4,Tue:5,Tue:6,Tue:7,Wed:1,Wed:2,Wed:3,Wed:4,Wed:5,Wed:6,Wed:7,Thu:1,Thu:2,Thu:3,Thu:4,Thu:5,Thu:6,Thu:7,Fri:1,Fri:2,Fri:3,Fri:4,Fri:5,Fri:6,Fri:7
PAL,,12B/Gg1b $PAL (#C24),9D/Gg1 $PAL (#C24),[PPA] $PAL,[LUNCH] $PAL,10C/Gg1 $PAL (#C24),12C/Gg1b $PAL (#C24),9D/Gg1 $PAL (#C24),11B/Gg1 $PAL (#C24),13D/Gg1a $PAL (#C24),[PPA] $PAL,[LUNCH] $PAL,11C/Gg1 $PAL (#C24),12C/Gg1b $PAL (#C24),10C/Gg1 $PAL (#C24),8/Gg4 $PAL (#C24),,13E/Gg1a $PAL (#C24),[LUNCH] $PAL,,,9C/Gg1 $PAL (#C24),,13E/Gg1a $PAL (#C24),13D/Gg1a $PAL (#C24),[LUNCH] $PAL,,11C/Gg1 $PAL (#C24),9C/Gg1 $PAL (#C24),11B/Gg1 $PAL (#C24),13E/Gg1a $PAL (#C24),12B/Gg1b $PAL (#C24),[LUNCH] $PAL,13D/Gg1a $PAL (#C24),[PPA] $PAL
CAM,SP4 $CAM (#C21),12B/Py1 $CAM (#C21),13A/Py1 $CAM (#C21),13B/Py1 $CAM (#C21),[LUNCH] $CAM,12D/Py1 $CAM (#C21),[LEAD] $CAM,[PPA] $CAM,13B/Py1 $CAM (#C21),12D/Py1 $CAM (#C21),12B/Py1 $CAM (#C21),[LUNCH] $CAM,12S/Ep1 $CAM (#C21),13A/Py1 $CAM (#C21),13A/Py1 $CAM (#C21),13B/Py1 $CAM (#C21),12D/Py1 $CAM (#C21),12B/Py1 $CAM (#C21),[LUNCH] $CAM,Ee/El9 $CAM (#C21),Ee/El9 $CAM (#C21),[PPA] $CAM,13A/Py1 $CAM (#C21),[LEAD] $CAM,12B/Py1 $CAM (#C21),[LUNCH] $CAM,12D/Py1 $CAM (#C21),13B/Py1 $CAM (#C21),13S/Ep1 $CAM (#C21),13A/Py1 $CAM (#C21),[PPA] $CAM,12B/Py1 $CAM (#C21),[LUNCH] $CAM,12D/Py1 $CAM (#C21),13B/Py1 $CAM (#C21)
JAN,MD2 $JAN (#C4),,,,,,,,,,,,12S/Ep2 $JAN (#LIB),,,,,,,,,,,,,,,,13S/Ep3 $JAN (#LIB),,,,,,
PAN,SP5 $PAN (#C23),13C/Gy1 $PAN (#C23),[PPA] $PAN,12E/Gy1 $PAN (#C23),[LUNCH] $PAN,13D/Gg1b $PAN (#C23),13E/Gg1b $PAN (#C23),13E/Gg1b $PAN (#C23),12E/Gy1 $PAN (#C23),[PPA] $PAN,12B/Gg1a $PAN (#C23),[LUNCH] $PAN,13C/Gy1 $PAN (#C23),[HUMSUP] $PAN,12C/Gg1a $PAN (#C23),12E/Gy1 $PAN (#C23),13C/Gy1 $PAN (#C23),12B/Gg1a $PAN (#C23),[LUNCH] $PAN,Ee/El2 $PAN (#C23),Ee/El2 $PAN (#C23),13C/Gy1 $PAN (#C23),11A/Gg1 $PAN (#C23),12E/Gy1 $PAN (#C23),12B/Gg1a $PAN (#C23),[LUNCH] $PAN,13D/Gg1b $PAN (#C23),12C/Gg1a $PAN (#C23),[PPA] $PAN,12E/Gy1 $PAN (#C23),11A/Gg1 $PAN (#C23),13C/Gy1 $PAN (#C23),[LUNCH] $PAN,[HUMSUP] $PAN,12C/Gg1a $PAN (#C23)
NAR,SH3 $NAR (#C27),8/Pe1 $NAR (#SH2),10/Pe3 $NAR (#SH2),9A/Ss1 $NAR ($DWO) (#C24),[LUNCH] $NAR,9/Ga2 $NAR (#SH2),9/Ga2 $NAR (#SH2),6/Pe1 $NAR (#SH2),6/Pe1 $NAR (#SH2),[PPA] $NAR,9A/Ss1 $NAR (#C24),[LUNCH] $NAR,[PPA] $NAR,13A/Ss1a $NAR (#C26),13A/Ss1a $NAR (#C26),11/Pe2 $NAR (#SH2),9/Pe4 $NAR (#SH2),[PPA] $NAR,[LUNCH] $NAR,Eg/Ga2 $NAR (#SH2),Eg/Ga2 $NAR (#SH2),11/Pe4 $NAR (#SH2),13A/Ss1a $NAR (#C26),12E/Ss1a $NAR (#CO23),[LUNCH] $NAR,7/Pe1 $NAR (#SH2),8/Ga2 $NAR (#SH2),8/Ga2 $NAR (#SH2),11/Pe1 $NAR (#SH2),12E/Ss1a $NAR (#CO24),9/Pe3 $NAR (#SH2),11/Pe3 $NAR (#SH2),[LUNCH] $NAR,7/Ga2 $NAR (#SH2),7/Ga2 $NAR (#SH2)
SAY,,,,[DETENTION] $SAY #CO21,[REVISION] $SAY #C15,,,,,,10/Ma4 $SAY (#CO11),,,,,,10/Ma4 $SAY (#CO11),,,,,,,,,[REVISION] $SAY #C15,,10/Ma4 $SAY (#CO11),,10/Ma4 $SAY (#CO11),,,,,
JBA,[DIRECT] $JBA,10B/Gg1 $JBA (#C22),[PPA] $JBA,[LUNCH] $JBA,8/Gg1 $JBA (#C22),[DIRECT] $JBA,8/Gg2 $JBA (#C22),10A/Gg1 $JBA (#C22),9B/Gg1 $JBA (#C22),11/Re4 $JBA (#C22),[LUNCH] $JBA,7/Gg1 $JBA (#C22),[DIRECT] $JBA,8/Re4 $JBA (#C22),8/Re5 $JBA (#C22),9B/Gg1 $JBA (#C22),[PPA] $JBA,[LUNCH] $JBA,7/Gg4 $JBA (#C22),7/Ps3 $JBA (#C22),8/Ps3 $JBA (#C22),9C/Gg2 $JBA (#C22),7/Re1 $JBA (#C22),7/Gg5 $JBA (#C22),10A/Gg1 $JBA (#C22),[LUNCH] $JBA,9/Re4 $JBA (#C22),9/Re5 $JBA (#C22),9C/Gg2 $JBA (#C22),7/Re4 $JBA (#C22),[PPA] $JBA,[LUNCH] $JBA,8/Gg5 $JBA (#C22),[DIRECT] $JBA,10B/Gg1 $JBA (#C22)
BBE,MH5 $BBE (#CO12),12B/Ma1a $BBE (#CO12),7/Ma3 $BBE (#CO12),12E/Ma1b $BBE (#CO12),[LUNCH] $BBE,8/Ma1 $BBE (#CO12),11/Ma3 $BBE (#CO11),8/Ma1 $BBE (#CO12),[PPA] $BBE,7/Ma3 $BBE (#CO12),10/Ma2 $BBE (#CO12),[LUNCH] $BBE,9/Ma5 $BBE (#C27),[DIRECT] $BBE,9/Ma5 $BBE (#C27),[PPA] $BBE,10/Ma2 $BBE (#CO12),12B/Ma1a $BBE (#SEM),[LUNCH] $BBE,8/Ma1 $BBE (#CO12),7/Ma3 $BBE (#CO12),[PPA] $BBE,9/Ma5 $BBE (#C24),12E/Ma1b $BBE (#SEM),[LUNCH] $BBE,8/Ma1 $BBE (#CO12),7/Ma3 $BBE (#CO12),10/Ma2 $BBE (#CO12),7/Ma3 $BBE (#CO12),10/Ma2 $BBE (#CO12),8/Ma1 $BBE (#CO12),12B/Ma1a $BBE (#CO12),[LUNCH] $BBE,11/Ma3 $BBE (#CO11),9/Ma5 $BBE (#C24)
DCA,,11D/Bs1 $DCA (#C11),12A/Bs1b $DCA (#C11),11/Ae1 $DCA (#C11),[LUNCH] $DCA,13D/Bs1a $DCA (#C11),,,9B/Bs2 $DCA (#C11),,11D/Bs1 $DCA (#C11),[LUNCH] $DCA,,13A/Ec1b $DCA (#C11),13A/Ec1b $DCA (#C11),9B/Bs2 $DCA (#C11),,,[LUNCH] $DCA,Ee/El3 $DCA (#C11),Ee/El3 $DCA (#C11),,12A/Bs1b $DCA (#C11),8/Co2 $DCA (#C11),13D/Bs1a $DCA (#C11),[LUNCH] $DCA,,12C/Ec1b $DCA (#C11),13S/St1 $DCA $PSA (#C11) (#LT),,12S/St1 $DCA $PSA (#C21) (#C22) (#LT),,[LUNCH] $DCA,13D/Bs1a $DCA (#C11),12C/Ec1b $DCA (#C11)
SCH,SB2 $SCH (#C13),11D/Co1 $SCH (#C13),[LEAD] $SCH,12E/It1a $SCH (#C13),[LUNCH] $SCH,10C/Co1 $SCH (#C13),[DIRECT] $SCH,[DIRECT] $SCH,12E/It1a $SCH (#C13),[PPA] $SCH,11D/Co1 $SCH (#C13),[LUNCH] $SCH,[LEAD] $SCH,8/Co1 $SCH (#C13),10C/Co1 $SCH (#C13),7/Co5 $SCH (#C13),13C/It1b $SCH (#C13),[LUNCH] $SCH,8/Co5 $SCH (#C13),7/Ps2 $SCH (#C13),6/Co1 $SCH (#C13),9C/Im1 $SCH (#C13),13A/Co1b $SCH (#C13),12E/It1a $SCH (#C13),[PPA] $SCH,[LUNCH] $SCH,12D/Co1b $SCH (#C13),6/Co2 $SCH (#C13),9C/Im1 $SCH (#C13),12E/It1a $SCH (#C13),5/Co3 $SCH (#C13),13C/It1b $SCH (#C13),[LUNCH] $SCH,12D/Co1b $SCH (#C13),[PPA] $SCH
PCL,,,,,[LUNCH] $PCL,13D/Ah1a $PCL (#PCL),13E/Hi1a $PCL (#C26),13E/Hi1a $PCL (#C26),,13D/Ah1a $PCL (#PCL),,[LUNCH] $PCL,,,,8/Hi3 $PCL (#C26),,13E/Hi1a $PCL (#C26),7/Hi1 $PCL (#C26),,,,12A/Ah1b $PCL (#PCL),,13D/Ah1a $PCL (#PCL),[LUNCH] $PCL,,,12A/Ah1b $PCL (#PCL),,,,[LUNCH] $PCL,,
DCO,,,,[LUNCH] $DCO,5/Ma2 $DCO (#CE4),5/Ma2 $DCO (#CE4),[SENCO] $DCO,[SENCO] $DCO,,5/Ma2 $DCO (#CE4),[LUNCH] $DCO,5/Sc2 $DCO (#L1),,,,,,[LUNCH] $DCO,,5/Ma2 $DCO (#CE4),5/Sc2 $DCO (#L1),,,,[LUNCH] $DCO,5/Ma2 $DCO (#CE4),5/Sc2 $DCO (#CE4),,5/Ma2 $DCO (#CE4),5/Ma2 $DCO (#CE4),,[LUNCH] $DCO,,,5/Ps3 $DCO (#CE4)
SCO,MP4 $SCO (#CO25),9/En1 $SCO (#CO23),8/En2b $SCO (#CO23),12E/En1b $SCO (#SEM),[LUNCH] $SCO,11/En2 $SCO (#CO23),7/En3 $SCO (#CO24),11/En2 $SCO (#CO23),[PPA] $SCO,9/En1 $SCO (#CO23),[LUNCH] $SCO,8/En2b $SCO (#CO23),7/En3 $SCO (#CO24),7/En3 $SCO (#CO24),11/En2 $SCO (#CO23),[PPA] $SCO,8/En2b $SCO (#CO23),9/En1 $SCO (#CO23),[LUNCH] $SCO,Eg/Ga6 $SCO,Eg/Ga6 $SCO,[PPA] $SCO,8/En2b $SCO (#CO23),[ENGMTG] $SCO $MSW,9/En1 $SCO (#CO23),[LUNCH] $SCO,11/En2 $SCO (#CO23),7/En3 $SCO (#CO24),8/En2b $SCO (#CO23),12E/En1b $SCO (#CO25),7/En3 $SCO (#CO24),9/En1 $SCO (#CO23),[LUNCH] $SCO,[LEAD] $SCO,11/En2 $SCO (#CO23)
GDI,SD1 $GDI (#D5),12B/Ar1a $GDI (#D5),,[LUNCH] $GDI,7/Ar5 $GDI (#D5),7/Ar2 $GDI (#D5),[PPA] $GDI,10A/Ar1 $GDI (#D5),8/Ar4 $GDI (#D5),,12B/Ar1a $GDI (#D5),[LUNCH] $GDI,11C/Ar1 $GDI (#D5),13A/Ar1a $GDI (#D5),13A/Ar1a $GDI (#D5),,,12B/Ar1a $GDI (#D5),[LUNCH] $GDI,Ee/El4 $GDI (#D5),Ee/El4 $GDI (#D5),9C/Ar1 $GDI (#D5),13A/Ar1a $GDI (#D5),,10A/Ar1 $GDI (#D5),[LUNCH] $GDI,[PPA] $GDI,11C/Ar1 $GDI (#D5),9C/Ar1 $GDI (#D5),,,,[LUNCH] $GDI,8/Ar1 $GDI (#D5),[PPA] $GDI
SDO,SB1 $SDO (#C11),8/Sc2c $SDO (#L1),11/Bi4 $SDO (#L1),12E/Bi1b $SDO (#L1),[LUNCH] $SDO,[PPA] $SDO,8/Sc2c $SDO (#L1),7/Sc2 $SDO (#L1),7/Sc2 $SDO (#L1),10/Bi2 $SDO (#L1),[PPA] $SDO,[LUNCH] $SDO,8/Sc2c $SDO (#L1),9/Bi2 $SDO (#L1),7/Sc2 $SDO (#L1),11/Bi3 $SDO (#L1),9/Bi5 $SDO (#L1),[LUNCH] $SDO,7/Sc2 $SDO (#L1),[PPA] $SDO,[DIRECT] $SDO,11/Bi3 $SDO (#L1),10/Bi3 $SDO (#L1),9/Bi5 $SDO (#L1),11/Bi4 $SDO (#L1),[LUNCH] $SDO,9/Bi2 $SDO (#L1),9/Bi3 $SDO (#L1),10/Bi3 $SDO (#L1),12E/Bi1b $SDO (#L1),9/Ph2 $SDO (#L1),10/Bi2 $SDO (#L1),[LUNCH] $SDO,9/Bi3 $SDO (#L1),8/Sc2c $SDO (#L1)
SDR,MB3 $SDR (#L8),8/Sc2b $SDR (#L8),12A/Bi1a $SDR (#L8),11/Ae3 $SDR (#L8),[LUNCH] $SDR,[LEAD] $SDR,8/Sc2b $SDR (#L8),13E/Bi1b $SDR (#L8),12E/Bi1a $SDR (#L8),10/Bi1 $SDR (#L8),[PPA] $SDR,[LUNCH] $SDR,8/Sc2b $SDR (#L8),9/Bi4 $SDR (#L8),[PPA] $SDR,12E/Bi1a $SDR (#L8),11/Bi2 $SDR (#L8),13E/Bi1b $SDR (#L8),[LUNCH] $SDR,Ee/El5 $SDR (#L8),Ee/El5 $SDR (#L8),12A/Bi1a $SDR (#L8),12A/Bi1a $SDR (#L8),12E/Bi1a $SDR (#L8),11/Bi2 $SDR (#L8),[LUNCH] $SDR,[LEAD] $SDR,13B/Bi1b $SDR (#L8),10/Bi1 $SDR (#L8),9/Bi4 $SDR (#L8),[PPA] $SDR,[LUNCH] $SDR,8/Sc2b $SDR (#L8),[LEAD] $SDR,13B/Bi1b $SDR (#L8)
VFE,[DIRECT] $VFE,9/En5 $VFE (#CO24),8/En2c $VFE (#CO25),[NQT] $VFE,[LUNCH] $VFE,11/En3 $VFE (#CO25),7/En2b $VFE (#CO25),11/En3 $VFE (#CO25),12E/En1a $VFE (#CO25),9/En5 $VFE (#CO24),[LUNCH] $VFE,8/En2c $VFE (#CO25),7/En2b $VFE (#CO25),7/En2b $VFE (#CO25),11/En3 $VFE (#CO25),12E/En1a $VFE (#CO25),8/En2c $VFE (#CO25),9/En5 $VFE (#CO24),[LUNCH] $VFE,[NQT] $VFE $KHA $MSW,[PPA] $VFE,[PPA] $VFE,8/En2c $VFE (#CO25),12E/En1a $VFE (#CO25),9/En5 $VFE (#CO24),[LUNCH] $VFE,11/En3 $VFE (#CO25),7/En2b $VFE (#CO25),8/En2c $VFE (#CO25),[PPA] $VFE,7/En2b $VFE (#CO25),9/En5 $VFE (#CO24),[LUNCH] $VFE,[NQT] $VFE,11/En3 $VFE (#CO25)
LFO,[BLANK] $LFO,[BLANK] $LFO,[BLANK] $LFO,[BLANK] $LFO,[BLANK] $LFO,[BLANK] $LFO,[BLANK] $LFO,[BLANK] $LFO,[BLANK] $LFO,[BLANK] $LFO,[BLANK] $LFO,[BLANK] $LFO,[BLANK] $LFO,[BLANK] $LFO,8/Co3 $LFO (#C12),[DIRECT] $LFO,7/Co3 $LFO (#C12),10D/Co1 $LFO (#C12),[BLANK] $LFO,[BLANK] $LFO,[BLANK] $LFO,9C/Co1 $LFO (#C12),11A/Co1 $LFO (#C12),5/Co2 $LFO (#C12),[LUNCH] $LFO,[PPA] $LFO,10D/Co1 $LFO (#C12),5/Co1 $LFO (#C12),9C/Co1 $LFO (#C12),7/Co1 $LFO (#C12),11A/Co1 $LFO (#C12),[LUNCH] $LFO,[BLANK] $LFO,[BLANK] $LFO,[BLANK] $LFO
CGI,[LEAD] $CGI,[LEAD] $CGI,11/Ch1 $CGI (#L7),[PPA] $CGI,[DETENTION] $CGI #L7,[LEAD] $CGI,8/Sc1 $CGI (#L7),[LEAD] $CGI,[LEAD] $CGI,10/Ch3 $CGI (#L7),[PPA] $CGI,[LUNCH] $CGI,[LEAD] $CGI,13A/Ch1b $CGI (#L7),13A/Ch1b $CGI (#L7),8/Sc1 $CGI (#L7),9/Ch1 $CGI (#L7),[LEAD] $CGI,[LUNCH] $CGI,[LEAD] $CGI,[LEAD] $CGI,11/Ch1 $CGI (#L7),[PPA] $CGI,9/Ch4 $CGI (#L7),11/Ch3 $CGI (#L7),[LUNCH] $CGI,13D/Ch1b $CGI (#L7),9/Ch1 $CGI (#L7),11/Ch3 $CGI (#L7),8/Sc1 $CGI (#L7),9/Ch4 $CGI (#L7),10/Ch3 $CGI (#L7),[LUNCH] $CGI,13D/Ch1b $CGI (#L7),8/Sc1 $CGI (#L7)
AGR,SB4 $AGR (#C1),10B/Bs1 $AGR (#C1),13A/Ec1a $AGR (#C1),9A/Bs1 $AGR (#C1),[LUNCH] $AGR,7/Co4 $AGR (#C12),12C/Ec1a $AGR (#C1),12A/Bs1a $AGR (#C1),9B/Bs1 $AGR (#C1),13D/Bs1b $AGR (#C1),9A/Bs1 $AGR (#C1),[LUNCH] $AGR,11C/Bs1 $AGR (#C1),12C/Ec1a $AGR (#C1),12C/Ec1a $AGR (#C1),9B/Bs1 $AGR (#C1),[DIRECT] $AGR,[PPA] $AGR,[LUNCH] $AGR,Ee/El6 $AGR (#C1),Ee/El6 $AGR (#C1),12A/Bs1a $AGR (#C1),13A/Ec1a $AGR (#C1),8/Co4 $AGR (#C14),[PPA] $AGR,[LUNCH] $AGR,13D/Bs1b $AGR (#C1),11C/Bs1 $AGR (#C1),12A/Bs1a $AGR (#C1),13A/Ec1a $AGR (#C1),6/Co3 $AGR (#C14),[LUNCH] $AGR,7/Co2 $AGR (#C14),[PPA] $AGR,10B/Bs1 $AGR (#C1)
JGU,MB2 $JGU (#L2),6/Ma1 $JGU (#CE4),6/Ma1 $JGU (#CE4),13B/Bi1a $JGU (#L2),[LUNCH] $JGU,[PPA] $JGU,13E/Bi1a $JGU (#L2),12A/Bi1b $JGU (#L2),13B/Bi1a $JGU (#L2),11/Bi1 $JGU (#L2),[LUNCH] $JGU,[PPA] $JGU,6/Ma1 $JGU (#CE4),6/Ma1 $JGU (#CE4),[LEAD] $JGU,13B/Bi1a $JGU (#L2),6/Ma1 $JGU (#CE4),[LUNCH] $JGU,6/Sc1 $JGU (#L2),Ee/El1 $JGU (#L2),Ee/El1 $JGU (#L2),6/Ma1 $JGU (#CE4),6/Sc1 $JGU (#L2),13E/Bi1a $JGU (#L2),11/Bi1 $JGU (#L2),[LUNCH] $JGU,9/Bi1 $JGU (#L2),[PPA] $JGU,12A/Bi1b $JGU (#L2),9/Bi1 $JGU (#L2),13E/Bi1a $JGU (#L2),[LUNCH] $JGU,6/Ma1 $JGU (#CE4),6/Sc1 $JGU (#L2),[LEAD] $JGU
KHA,SP2 $KHA (#C24),9/En4 $KHA (#CO26),8/En3 $KHA (#CO24),10/En2 $KHA (#CO26),[LUNCH] $KHA,[PPA] $KHA,7/En2c $KHA (#CO26),[PPA] $KHA,10/En2 $KHA (#CO26),9/En4 $KHA (#CO26),[LUNCH] $KHA,8/En3 $KHA (#CO24),7/En2c $KHA (#CO26),7/En2c $KHA (#CO26),12C/En1b $KHA (#SEM),10/En2 $KHA (#CO26),8/En3 $KHA (#CO24),9/En4 $KHA (#CO26),[LUNCH] $KHA,[NQT] $VFE $KHA $MSW,8/Ps2 $KHA (#CO23),10/En2 $KHA (#CO26),8/En3 $KHA (#CO24),[NQT] $KHA,9/En4 $KHA (#CO26),[LUNCH] $KHA,[PPA] $KHA,7/En2c $KHA (#CO26),8/En3 $KHA (#CO24),[NQT] $KHA,7/En2c $KHA (#CO26),9/En4 $KHA (#CO26),[LUNCH] $KHA,10/En2 $KHA (#CO26),12C/En1b $KHA (#CO24)
DHI,MB1 $DHI (#L4),8/Sc2a $DHI (#L4),12A/Ph1b $DHI (#L4),13B/Ph1b $DHI (#L4),[LUNCH] $DHI,[PPA] $DHI,10/Ph2 $DHI (#L4),7/Sc5 $DHI (#L4),7/Sc5 $DHI (#L4),13D/Ph1b $DHI (#L4),12B/Ph1b $DHI (#L4),[LUNCH] $DHI,8/Sc2a $DHI (#L4),9/Ph5 $DHI (#L4),7/Sc5 $DHI (#L4),11/Ph1 $DHI (#L4),11/Ph4 $DHI (#L4),[LUNCH] $DHI,7/Sc5 $DHI (#L4),[PPA] $DHI,[PPA] $DHI,12A/Ph1b $DHI (#L4),10/Ph2 $DHI (#L4),10/Ph3 $DHI (#L4),12B/Ph1b $DHI (#L4),[LUNCH] $DHI,13D/Ph1b $DHI (#L4),13B/Ph1b $DHI (#L4),11/Ph4 $DHI (#L4),8/Sc2a $DHI (#L4),10/Ph3 $DHI (#L4),11/Ph1 $DHI (#L4),[LUNCH] $DHI,9/Ph5 $DHI (#L4),8/Sc2a $DHI (#L4)
NHU,[LEAD] $NHU,12B/Ph1a $NHU (#L9),11/Ph3 $NHU (#L9),[PPA] $NHU,[LUNCH] $NHU,13D/Ph1a $NHU (#L9),10/Ph1 $NHU (#L9),12A/Ph1a $NHU (#L9),13B/Ph1a $NHU (#L9),11/Ph2 $NHU (#L9),13S/St1 $NHU $PSA (#C22) (#LT),[LUNCH] $NHU,12S/St1 $NHU $PSA (#C22) (#LT),9/Ph1 $NHU (#L9),[PPA] $NHU,13B/Ph1a $NHU (#L9),11/Ph3 $NHU (#L9),12B/Ph1a $NHU (#L9),[LUNCH] $NHU,[PPA] $NHU,[LEAD] $NHU,11/Ph2 $NHU (#L9),12A/Ph1a $NHU (#L9),9/Ph1 $NHU (#L9),13D/Ph1a $NHU (#L9),[LUNCH] $NHU,9/Ph3 $NHU (#L9),9/Ph2 $NHU (#L9),12A/Ph1a $NHU (#L9),9/Ph3 $NHU (#L9),10/Ph1 $NHU (#L9),12B/Ph1a $NHU (#L9),[LUNCH] $NHU,13D/Ph1a $NHU (#L9),13B/Ph1a $NHU (#L9)
CIM,,7/Fr3 $CIM (#CD1),9D/Fr1 $CIM (#CD1),[LUNCH] $CIM,7/Ge1 $CIM (#CD1),10C/Fr1 $CIM (#CD1),6/Sp1 $CIM (#CD1),9D/Fr1 $CIM (#CD1),11B/Fr1 $CIM (#CD1),8/Ge3 $CIM (#CD1),[PPA] $CIM,[LUNCH] $CIM,[DIRECT] $CIM,8/Ge1 $CIM (#CD1),10C/Fr1 $CIM (#CD1),7/Ge1 $CIM (#CD1),7/Sp2 $CIM (#CD1),[LUNCH] $CIM,8/Sp3 $CIM (#CD1),[DIRECT] $CIM,[DIRECT] $CIM,8/Sp1 $CIM (#CD1),7/Sp4 $CIM (#CD1),5/Sp1 $CIM (#CD1),[PPA] $CIM,[LUNCH] $CIM,[DIRECT] $CIM,6/Sp1 $CIM (#CD1),[PPA] $CIM,11B/Fr1 $CIM (#CD1),5/Sp2 $CIM (#CD1),[LUNCH] $CIM,7/Fr3 $CIM (#CD1),8/Ge1 $CIM (#CD1),[DIRECT] $CIM
JJA,SD5 $JJA $JPA (#C14),,,,,,,,,,,,,,,,,,,,,,,,,,,,,,,,,,
JJF,[PPA] $JJF,7/Fr1 $JJF (#CD11),12A/Sp1 $JJF (#CD11),9A/Sp1 $JJF (#CD11),[LUNCH] $JJF,13D/Sp1 $JJF (#CD11),6/Sp2 $JJF (#CD11),12A/Sp1 $JJF (#CD11),11B/Sp1 $JJF (#CD11),13D/Sp1 $JJF (#CD11),9A/Sp1 $JJF (#CD11),[LUNCH] $JJF,11C/Fr1 $JJF (#CD11),8/Sp3 $JJF (#CD11),[BLANK] $JJF,[BLANK] $JJF,[BLANK] $JJF,[BLANK] $JJF,[BLANK] $JJF,[BLANK] $JJF,[BLANK] $JJF,8/Ge2 $JJF (#CD11),12A/Sp1 $JJF (#CD11),6/Sp2 $JJF (#CD11),13D/Sp1 $JJF (#CD11),[LUNCH] $JJF,13D/Sp1 $JJF (#CD11),11C/Fr1 $JJF (#CD11),12A/Sp1 $JJF (#CD11),11B/Sp1 $JJF (#CD11),[PPA] $JJF,[LUNCH] $JJF,7/Fr1 $JJF (#CD11),13D/Sp1 $JJF (#CD11),[PPA] $JJF
SJO,MP2 $SJO (#C2),5/En1 $SJO (#C2),5/En1 $SJO (#C2),[LUNCH] $SJO,6/En1 $SJO (#C2),6/En1 $SJO (#C2),7/En1 $SJO (#C2),5/En1 $SJO (#C2),5/En1 $SJO (#C2),6/En1 $SJO (#C2),[LUNCH] $SJO,6/Hu1 $SJO (#C2),7/En1 $SJO (#C2),7/En1 $SJO (#C2),6/En1 $SJO (#C2),6/En1 $SJO (#C2),5/En1 $SJO (#C2),[LUNCH] $SJO,5/Hu1 $SJO (#C2),[PPA] $SJO,[PPA] $SJO,5/En1 $SJO (#C2),5/Hu1 $SJO (#C2),[PPA] $SJO,[LUNCH] $SJO,6/En1 $SJO (#C2),6/Hu1 $SJO (#C2),7/En1 $SJO (#C2),6/En1 $SJO (#C2),6/Hu1 $SJO (#C2),7/En1 $SJO (#C2),[LUNCH] $SJO,5/En1 $SJO (#C2),5/Hu1 $SJO (#C2),
EJO,SD2 $EJO (#CO2),10B/Mu1 $EJO (#CO1),,13B/Mu1b $EJO (#CO2),[LUNCH] $EJO,,,,13B/Mu1b $EJO (#CO2),,12B/Mu1b $EJO (#CO2),[3JLA/MU] $EJO,[3STI/MU] $EJO,[3ACJO/MU] $EJO,,9B/Mu1 $EJO (#CO1),,12B/Mu1b $EJO (#CO2),[LUNCH] $EJO,,,,,7/Mu1 $EJO (#CO1),[LUNCH] $EJO,[2NWE/MU] $EJO,[2SCO/MU] $EJO,[2CSP/MU] $EJO,,8/Mu3 $EJO (#CO2),11A/Mu1 $EJO (#CO1),[LUNCH] $EJO,8/Mu1 $EJO (#CO2),[1WHE/MU] $EJO,[1KRO/MU] $EJO
JJO,SB5 $JJO (#L5),[LEAD] $JJO,13A/Ch1a $JJO (#L5),[LEAD] $JJO,[LUNCH] $JJO,13D/Ch1a $JJO (#L5),[LEAD] $JJO,[LEAD] $JJO,7/Sc1 $JJO (#L5),13D/Ch1a $JJO (#L5),[LEAD] $JJO,[LUNCH] $JJO,[LEAD] $JJO,12C/Ch1a $JJO (#L5),7/Sc1 $JJO (#L5),11/Ch4 $JJO (#L5),12D/Ch1a $JJO (#L5),[PPA] $JJO,[LUNCH] $JJO,Ee/El8 $JJO (#L5),Ee/El8 $JJO (#L5),[PPA] $JJO,13A/Ch1a $JJO (#L5),10/Ch2 $JJO (#L5),13D/Ch1a $JJO (#L5),[LUNCH] $JJO,12D/Ch1a $JJO (#L5),12C/Ch1a $JJO (#L5),10/Ch2 $JJO (#L5),13A/Ch1a $JJO (#L5),[PPA] $JJO,11/Ch4 $JJO (#L5),[LUNCH] $JJO,12D/Ch1a $JJO (#L5),12C/Ch1a $JJO (#L5)
CKE,[PPA] $CKE,12B/Fr1a $CKE (#C4),9D/Sp2 $CKE (#C4),9A/Fr1 $CKE (#C4),7/Sp2 $CKE (#C4),[BLANK] $CKE,[BLANK] $CKE,9D/Sp2 $CKE (#C4),8/Fr1 $CKE (#C4),8/Fr2 $CKE (#C4),9A/Fr1 $CKE (#C4),[LUNCH] $CKE,13C/Fr1a $CKE (#C4),8/Fr3 $CKE (#C4),8/Sp1 $CKE (#C4),[PPA] $CKE,13C/Fr1a $CKE (#C4),10D/Fr1 $CKE (#C4),[LUNCH] $CKE,[BLANK] $CKE,[BLANK] $CKE,8/Fr3 $CKE (#C4),7/Fr2 $CKE (#C4),8/Fr1 $CKE (#C4),12B/Fr1a $CKE (#C4),[LUNCH] $CKE,10D/Fr1 $CKE (#C4),[BLANK] $CKE,[PPA] $CKE,7/Fr2 $CKE (#C4),12B/Fr1a $CKE (#C4),13C/Fr1a $CKE (#C4),[LUNCH] $CKE,8/Fr2 $CKE (#C4),[BLANK] $CKE
JLI,MD5 $JLI (#CD2),7/Sp5 $JLI (#CD2),9D/Sp1 $JLI (#CD2),[LUNCH] $JLI,7/Sp1 $JLI (#CD2),7/Sp3 $JLI (#CD2),5/Sp2 $JLI (#CD2),9D/Sp1 $JLI (#CD2),8/Sp2 $JLI (#CD2),8/Sp4 $JLI (#CD2),[PPA] $JLI,[LUNCH] $JLI,5/Sp1 $JLI (#CD2),5/Sp3 $JLI (#CD2),8/Sp4 $JLI (#CD2),7/Sp3 $JLI (#CD2),7/Sp1 $JLI (#CD2),10D/Sp1 $JLI (#CD2),[LUNCH] $JLI,6/Sp3 $JLI (#CD2),8/Ps6 $JLI (#CD2),8/Sp2 $JLI (#CD2),11A/Sp1 $JLI (#CD2),6/Sp3 $JLI (#CD2),[PPA] $JLI,[LUNCH] $JLI,10D/Sp1 $JLI (#CD2),5/Sp3 $JLI (#CD2),[PPA] $JLI,7/Sp5 $JLI (#CD2),11A/Sp1 $JLI (#CD2),[LUNCH] $JLI,7/Sp4 $JLI (#CD2),[DIRECT] $JLI,6/Ps1 $JLI (#CD2)
FLO,MP3 $FLO (#CO21),7/Re2 $FLO (#CO21),[PPA] $FLO,[LUNCH] $FLO,8/Hi4 $FLO (#CO21),10C/Hi1 $FLO (#CO21),8/Hi5 $FLO (#CO21),10A/Hi1 $FLO (#CO21),9B/Hi1 $FLO (#CO21),[PPA] $FLO,[LUNCH] $FLO,7/Hi2 $FLO (#CO21),8/Hi1 $FLO (#CO21),[DIRECT] $FLO,10C/Hi1 $FLO (#CO21),9B/Hi1 $FLO (#CO21),9/Re3 $FLO (#CO21),[LUNCH] $FLO,8/Re1 $FLO (#CO21),7/Ps4 $FLO (#CO21),8/Ps4 $FLO (#CO21),7/Gg2 $FLO (#CO21),7/Re5 $FLO (#CO21),8/Re3 $FLO (#CO21),10A/Hi1 $FLO (#CO21),[LUNCH] $FLO,[PPA] $FLO,[DIRECT] $FLO,[DIRECT] $FLO,7/Re3 $FLO (#CO21),[DIRECT] $FLO,[LUNCH] $FLO,8/Hi2 $FLO (#CO21),9/Re2 $FLO (#CO21),8/Gg3 $FLO (#CO21)
JMA,,,,[LUNCH] $JMA,,9/Ga7 $JMA (#SH7),9/Ga7 $JMA (#SH7),,,,[LUNCH] $JMA,,,,,,,[LUNCH] $JMA,,Ee/El10 $JMA,Ee/El10 $JMA,,,,[LUNCH] $JMA,,8/Ga7 $JMA (#SH7),8/Ga7 $JMA (#SH7),,,,[LUNCH] $JMA,,7/Ga7 $JMA (#SH7),7/Ga7 $JMA (#SH7)
MMC,MB5 $MMC (#CE2),6/Ma2 $MMC (#CE2),6/Ma2 $MMC (#CE2),[LUNCH] $MMC,5/Ma3 $MMC (#CE2),5/Ma3 $MMC (#CE2),[PPA] $MMC,6/Pe3 $MMC (#SH4),6/Pe3 $MMC (#SH4),5/Ma3 $MMC (#CE2),[LUNCH] $MMC,5/Sc3 $MMC (#L7),6/Ma2 $MMC (#CE2),6/Ma2 $MMC (#CE2),5/Pe3 $MMC (#SH4),5/Pe3 $MMC (#SH4),6/Ma2 $MMC (#CE2),[LUNCH] $MMC,6/Sc2 $MMC (#L7),5/Ma3 $MMC (#CE2),5/Sc3 $MMC (#L7),6/Ma2 $MMC (#CE2),6/Sc2 $MMC (#L7),[PPA] $MMC,[LUNCH] $MMC,5/Ma3 $MMC (#CE2),5/Sc3 $MMC (#L8),[DIRECT] $MMC,5/Ma3 $MMC (#CE2),5/Ma3 $MMC (#CE2),[PPA] $MMC,[LUNCH] $MMC,6/Ma2 $MMC (#CE2),6/Sc2 $MMC (#L8),5/Ps2 $MMC (#CE2)
KNI,MD1 $KNI (#D3),10B/Dt1 $KNI (#D3),13A/Dt1 $KNI (#D3),9A/Dt1 $KNI (#D3),[LUNCH] $KNI,12D/Dt1 $KNI (#D3),13E/Dt1 $KNI (#D3),13E/Dt1 $KNI (#D3),8/Dt5 $KNI (#D3),12D/Dt1 $KNI (#D3),9A/Dt1 $KNI (#D3),[LUNCH] $KNI,[PPA] $KNI,13A/Dt1 $KNI (#D3),13A/Dt1 $KNI (#D3),7/Dt1 $KNI (#D3),12D/Dt1 $KNI (#D3),13E/Dt1 $KNI (#D3),[LUNCH] $KNI,Ee/El11 $KNI (#D3),Ee/El11 $KNI (#D3),8/Dt3 $KNI (#D3),13A/Dt1 $KNI (#D3),13E/Dt1 $KNI (#D3),[PPA] $KNI,[LUNCH] $KNI,12D/Dt1 $KNI (#D3),11C/Dt1 $KNI (#D3),[PPA] $KNI,13A/Dt1 $KNI (#D3),13E/Dt1 $KNI (#D3),[LUNCH] $KNI,7/Dt5 $KNI (#D3),12D/Dt1 $KNI (#D3),10B/Dt1 $KNI (#D3)
PNI,,11D/Hi1 $PNI (#C26),12A/Ah1a $PNI (#C26),,[LUNCH] $PNI,,,12A/Ah1a $PNI (#C21),,,11D/Hi1 $PNI (#C26),[LUNCH] $PNI,,,,,,,[LUNCH] $PNI,,,12A/Ah1a $PNI (#C26),,13E/Hi1b $PNI (#C26),,[LUNCH] $PNI,13D/Ah1b $PNI (#C26),,13S/Ep2 $PNI (#C26),,13E/Hi1b $PNI (#C11),,[LUNCH] $PNI,13D/Ah1b $PNI (#C26),
JPA,SD5 $JJA $JPA (#C14),13C/It1a $JPA (#C14),13A/Co1a $JPA (#C14),9A/Co1 $JPA (#C14),[LUNCH] $JPA,12D/Co1a $JPA (#C14),[PPA] $JPA,[LEAD] $JPA,[PPA] $JPA,12D/Co1a $JPA (#C14),9A/Co1 $JPA (#C14),[LUNCH] $JPA,13C/It1a $JPA (#C14),13A/Co1a $JPA (#C14),13A/Co1a $JPA (#C14),12E/It1b $JPA (#C14),12D/Co1a $JPA (#C14),[PPA] $JPA,[LUNCH] $JPA,Eg/Ga8 $JPA,Eg/Ga8 $JPA,[BLANK] $JPA,[BLANK] $JPA,[BLANK] $JPA,[BLANK] $JPA,[BLANK] $JPA,[BLANK] $JPA,[BLANK] $JPA,13C/It1a $JPA (#C14),13A/Co1a $JPA (#C14),[LEAD] $JPA,[LUNCH] $JPA,[LEAD] $JPA,[LEAD] $JPA,[LEAD] $JPA
SPE,SP1 $SPE (#CO22),9/En2 $SPE (#CO22),8/En1 $SPE (#CO26),10/En3 $SPE (#CO22),[LUNCH] $SPE,11/En4 $SPE (#CO22),7/En2a $SPE (#CO22),11/En4 $SPE (#CO22),10/En3 $SPE (#CO22),9/En2 $SPE (#CO22),[LUNCH] $SPE,8/En1 $SPE (#CO26),7/En2a $SPE (#CO22),7/En2a $SPE (#CO22),11/En4 $SPE (#CO22),10/En3 $SPE (#CO22),8/En1 $SPE (#CO26),9/En2 $SPE (#CO22),[LUNCH] $SPE,7/Ps6 $SPE (#CO22),[PPA] $SPE,10/En3 $SPE (#CO22),8/En1 $SPE (#CO26),[PPA] $SPE,9/En2 $SPE (#CO22),[LUNCH] $SPE,11/En4 $SPE (#CO22),7/En2a $SPE (#CO22),8/En1 $SPE (#CO26),[PPA] $SPE,7/En2a $SPE (#CO22),9/En2 $SPE (#CO22),[LUNCH] $SPE,10/En3 $SPE (#CO22),11/En4 $SPE (#CO22)
SPI,MB4 $SPI (#C3),5/En2 $SPI (#C3),5/En2 $SPI (#C3),[LUNCH] $SPI,6/En3 $SPI (#C3),6/En3 $SPI (#C3),[PPA] $SPI,5/En2 $SPI (#C3),5/En2 $SPI (#C3),6/En3 $SPI (#C3),[LUNCH] $SPI,6/Hu3 $SPI (#C3),[LEAD] $SPI,[LEAD] $SPI,6/En3 $SPI (#C3),6/En3 $SPI (#C3),5/En2 $SPI (#C3),[LUNCH] $SPI,5/Hu2 $SPI (#C3),7/Ps5 $SPI (#C3),8/Ps5 $SPI (#C3),5/En2 $SPI (#C3),5/Hu2 $SPI (#C3),[LEAD] $SPI,[LUNCH] $SPI,6/En3 $SPI (#C3),6/Hu3 $SPI (#C3),[PPA] $SPI,6/En3 $SPI (#C3),6/Hu3 $SPI (#C3),[PPA] $SPI,[LUNCH] $SPI,5/En2 $SPI (#C3),5/Hu2 $SPI (#C3),6/Ps2 $SPI (#C3)
JRA,MH1 $JRA (#CE1),6/Ma3 $JRA (#CE1),6/Ma3 $JRA (#CE1),[LUNCH] $JRA,5/Ma1 $JRA (#CE1),5/Ma1 $JRA (#CE1),[PPA] $JRA,7/Sc4 $JRA (#L3),7/Sc4 $JRA (#L3),5/Ma1 $JRA (#CE1),[LUNCH] $JRA,5/Sc1 $JRA (#L3),6/Ma3 $JRA (#CE1),6/Ma3 $JRA (#CE1),7/Sc4 $JRA (#L3),[PPA] $JRA,6/Ma3 $JRA (#CE1),[LUNCH] $JRA,6/Sc3 $JRA (#L3),5/Ma1 $JRA (#CE1),5/Sc1 $JRA (#L3),6/Ma3 $JRA (#CE1),6/Sc3 $JRA (#L3),7/Sc4 $JRA (#L3),[LUNCH] $JRA,5/Ma1 $JRA (#CE1),5/Sc1 $JRA (#L3),[PPA] $JRA,5/Ma1 $JRA (#CE1),5/Ma1 $JRA (#CE1),[DIRECT] $JRA,[LUNCH] $JRA,6/Ma3 $JRA (#CE1),6/Sc3 $JRA (#L3),5/Ps1 $JRA (#CE1)
PRO,MH2 $PRO (#CO4),[DIRECT] $PRO,7/Ma2 $PRO (#CO4),11/Ae4 $PRO (#CO4),[LUNCH] $PRO,8/Ma5 $PRO (#CO24),11/Ma4 $PRO (#CO4),8/Ma5 $PRO (#CO24),[PPA] $PRO,7/Ma2 $PRO (#CO4),10/Ma3 $PRO (#CO4),[LUNCH] $PRO,9/Ma3 $PRO (#CO4),11/Ma4 $PRO (#CO4),9/Ma3 $PRO (#CO4),[PPA] $PRO,10/Ma3 $PRO (#CO4),11/Ma4 $PRO (#CO4),[LUNCH] $PRO,8/Ma5 $PRO (#CO24),7/Ma2 $PRO (#CO4),[DIRECT] $PRO,9/Ma3 $PRO (#CO4),11/Ma4 $PRO (#CO4),[LUNCH] $PRO,8/Ma5 $PRO (#CO24),7/Ma2 $PRO (#CO4),10/Ma3 $PRO (#CO4),7/Ma2 $PRO (#CO4),10/Ma3 $PRO (#CO4),8/Ma5 $PRO (#CO21),[PPA] $PRO,[LUNCH] $PRO,11/Ma4 $PRO (#CO4),9/Ma3 $PRO (#CO4)
PSA,,12B/Mu1a $PSA (#CO2),,,[LUNCH] $PSA,,,,,,13S/St1 $NHU $PSA (#C22) (#LT),[LUNCH] $PSA,12S/St1 $NHU $PSA (#C22) (#LT),,,13B/Mu1a $PSA (#CO2),,,[LUNCH] $PSA,,,,,,12B/Mu1a $PSA (#CO2),[LUNCH] $PSA,,13B/Mu1a $PSA (#CO2),13S/St1 $DCA $PSA (#C11) (#LT),,12S/St1 $DCA $PSA (#C21) (#C22) (#LT),12B/Mu1a $PSA (#CO2),[LUNCH] $PSA,,13B/Mu1a $PSA (#CO2)
ISH,SB3 $ISH (#L6),[PPA] $ISH,11/Ch2 $ISH (#L6),[LUNCH] $ISH,8/Sc3 $ISH (#L6),12D/Ch1b $ISH (#L6),12C/Ch1b $ISH (#L6),7/Sc1 $ISH (#L6),7/Sc3 $ISH (#L6),12D/Ch1b $ISH (#L6),[LUNCH] $ISH,7/Sc3 $ISH (#L6),8/Sc3 $ISH (#L6),9/Ch3 $ISH (#L6),12C/Ch1b $ISH (#L6),8/Sc3 $ISH (#L6),9/Ch2 $ISH (#L6),[LUNCH] $ISH,7/Sc3 $ISH (#L6),[PPA] $ISH,[PPA] $ISH,7/Sc1 $ISH (#L6),10/Ch1 $ISH (#L6),9/Ch3 $ISH (#L6),[LUNCH] $ISH,7/Sc3 $ISH (#L6),9/Ch5 $ISH (#L6),9/Ph4 $ISH (#L6),11/Ch2 $ISH (#L6),9/Ch2 $ISH (#L6),9/Ch5 $ISH (#L6),10/Ch1 $ISH (#L6),[LUNCH] $ISH,9/Ph4 $ISH (#L6),8/Sc3 $ISH (#L6)
ASI,MH3 $ASI (#CO3),[PPA] $ASI,7/Ma1 $ASI (#CO3),[LUNCH] $ASI,[DIRECT] $ASI,8/Ma4 $ASI (#CO11),11/Ma1 $ASI (#CO3),13E/Fm1a $ASI (#SEM),13B/Ma1b $ASI (#SEM),7/Ma1 $ASI (#CO3),12B/Ma1b $ASI (#SEM),[LUNCH] $ASI,9/Ma4 $ASI (#CO3),11/Ma1 $ASI (#CO3),9/Ma4 $ASI (#CO3),[PPA] $ASI,13C/Fm1a $ASI (#SEM),11/Ma1 $ASI (#CO3),[LUNCH] $ASI,[LEAD] $ASI,7/Ma1 $ASI (#CO3),13C/Fm1a $ASI (#SEM),9/Ma4 $ASI (#CO3),11/Ma1 $ASI (#CO3),12B/Ma1b $ASI (#CO3),[LUNCH] $ASI,7/Ma1 $ASI (#CO3),13B/Ma1b $ASI (#SEM),7/Ma1 $ASI (#CO3),[PPA] $ASI,13E/Fm1a $ASI (#SEM),[LEAD] $ASI,[LUNCH] $ASI,11/Ma1 $ASI (#CO3),9/Ma4 $ASI (#CO3)
CSM,[LEAD] $CSM,[LEAD] $CSM,12A/Re1 $CSM (#C27),13B/Re1 $CSM (#C27),[LUNCH] $CSM,[LEAD] $CSM,10/Re3 $CSM (#C27),12A/Re1 $CSM (#C27),13B/Re1 $CSM (#C27),11/Re3 $CSM (#C27),[PPA] $CSM,[LUNCH] $CSM,[LEAD] $CSM,[LEAD] $CSM,[LEAD] $CSM,13B/Re1 $CSM (#C27),11/Re1 $CSM (#C27),[LUNCH] $CSM,8/Re2 $CSM (#C27),[LEAD] $CSM,[LEAD] $CSM,12A/Re1 $CSM (#C27),12A/Re1 $CSM (#C27),10/Re1 $CSM (#C27),[PPA] $CSM,[DETENTION] $CSM #L7,[LEAD] $CSM,13B/Re1 $CSM (#C27),12A/Re1 $CSM (#C27),[PPA] $CSM,10/Re2 $CSM (#C27),11/Re2 $CSM (#C27),[LUNCH] $CSM,9/Re1 $CSM (#C27),13B/Re1 $CSM (#C27)
LSM,SD4 $LSM (#D4),7/Ar4 $LSM (#D4),13A/Ar1b $LSM (#D4),9A/Ar1 $LSM (#D4),[LUNCH] $LSM,7/Ar1 $LSM (#D4),5/Dt3 $LSM (#D4),[PPA] $LSM,8/Ar3 $LSM (#D4),8/Ar2 $LSM (#D4),9A/Ar1 $LSM (#D4),[LUNCH] $LSM,5/Ar3 $LSM (#D4),5/Dt2 $LSM (#D4),8/Dt2 $LSM (#D4),7/Dt2 $LSM (#D4),[PPA] $LSM,10D/As1 $LSM (#D4),[LUNCH] $LSM,Ee/El12 $LSM (#D4),Ee/El12 $LSM (#D4),9C/As1 $LSM (#D4),7/Ar3 $LSM (#D4),6/Ar1 $LSM (#D4),12B/Ar1b $LSM (#D4),[LUNCH] $LSM,10D/As1 $LSM (#D4),5/Ar2 $LSM (#D4),9C/As1 $LSM (#D4),13A/Ar1b $LSM (#D4),6/Dt1 $LSM (#D2),12B/Ar1b $LSM (#D4),[LUNCH] $LSM,8/Ar5 $LSM (#D4),[PPA] $LSM
PSM,SD3 $PSM (#CD12),13C/Fr1b $PSM (#CD12),9D/Ge1 $PSM (#CD12),,[LUNCH] $PSM,7/Ge2 $PSM (#CD12),12C/Ge1 $PSM (#CD12),9D/Ge1 $PSM (#CD12),11B/Ge1 $PSM (#CD12),[PPA] $PSM,12B/Fr1b $PSM (#CD12),[LUNCH] $PSM,10/Ga2 $PSM (#SH6),10/Ga2 $PSM (#SH6),12C/Ge1 $PSM (#CD12),,7/Ge2 $PSM (#CD12),10D/Ge1 $PSM (#CD12),[LUNCH] $PSM,Eg/Ga7 $PSM (#SH6),Eg/Ga7 $PSM (#SH6),13C/Fr1b $PSM (#CD12),11A/Fr1 $PSM (#CD12),8/Ge3 $PSM (#CD12),[PPA] $PSM,[LUNCH] $PSM,10D/Ge1 $PSM (#CD12),12C/Ge1 $PSM (#CD12),[PPA] $PSM,11B/Ge1 $PSM (#CD12),11A/Fr1 $PSM (#CD12),12B/Fr1b $PSM (#CD12),[LUNCH] $PSM,8/Ge2 $PSM (#CD12),12C/Ge1 $PSM (#CD12)
SSM,[LEAD] $SSM,[LEAD] $SSM,10/Pe2 $SSM (#SH4),12E/Ss1b $SSM (#CO3),[LUNCH] $SSM,9/Ga5 $SSM (#SH4),9/Ga5 $SSM (#SH4),[LEAD] $SSM,[LEAD] $SSM,[LEAD] $SSM,[LEAD] $SSM,[LUNCH] $SSM,10/Ga4 $SSM (#SH4),10/Ga4 $SSM (#SH4),[PPA] $SSM,12E/Ss1b $SSM (#CO3),[LEAD] $SSM,[LEAD] $SSM,[LUNCH] $SSM,Eg/Ga5 $SSM (#SH4),Eg/Ga5 $SSM (#SH4),9C/Ss1 $SSM (#CO12),[PPA] $SSM,9/Pe2 $SSM (#SH4),[DETENTION] $SSM #CO11,7/Pe4 $SSM (#SH4),8/Ga5 $SSM (#SH4),8/Ga5 $SSM (#SH4),9C/Ss1 $SSM ($DWO) (#C4),9/Pe5 $SSM (#SH4),[PPA] $SSM,[LEAD] $SSM,[LUNCH] $SSM,7/Ga5 $SSM (#SH4),7/Ga5 $SSM (#SH4)
RSN,SH4 $RSN (#C12),11D/Ss1 $RSN (#CO4),10/Pe1 $RSN (#SH1),[LUNCH] $RSN,8/Pe2 $RSN (#SH1),9/Ga1 $RSN (#SH1),9/Ga1 $RSN (#SH1),[PPA] $RSN,12E/Ss1c $RSN (#CO24),[LEAD] $RSN,11D/Ss1 $RSN ($DWO) (#CD1),[LUNCH] $RSN,10/Ga1 $RSN (#SH1),10/Ga1 $RSN (#SH1),5/Pe1 $RSN (#SH1),5/Pe1 $RSN (#SH1),[LEAD] $RSN,[PPA] $RSN,[LUNCH] $RSN,Eg/Ga1 $RSN (#SH1),Eg/Ga1 $RSN (#SH1),7/Pe3 $RSN (#SH1),[LEAD] $RSN,[LEAD] $RSN,[LEAD] $RSN,[LUNCH] $RSN,8/Ga1 $RSN (#SH1),8/Ga1 $RSN (#SH1),[PPA] $RSN,13A/Ss1c $RSN (#CO23),12S/Sl1 $RSN (#CO23),[LEAD] $RSN,[LUNCH] $RSN,7/Ga1 $RSN (#SH1),7/Ga1 $RSN (#SH1)
MSW,SP3 $MSW (#CO23),13C/En1a $MSW (#SEM),13A/En1a $MSW (#MW),10/En1 $MSW (#CO23),[LUNCH] $MSW,11/En1 $MSW (#CO26),12C/En1a $MSW (#SEM),11/En1 $MSW (#CO26),10/En1 $MSW (#CO23),[DIRECT] $MSW,[PPA] $MSW,[LUNCH] $MSW,[LEAD] $MSW,12C/En1a $MSW (#SEM),11/En1 $MSW (#CO26),10/En1 $MSW (#CO23),13C/En1a $MSW (#C26),[PPA] $MSW,[LUNCH] $MSW,[NQT] $VFE $KHA $MSW,[LEAD] $MSW,10/En1 $MSW (#CO23),13A/En1a $MSW (#MW),[ENGMTG] $SCO $MSW,[PPA] $MSW,[LUNCH] $MSW,11/En1 $MSW (#CO26),12C/En1a $MSW (#C26),[LEAD] $MSW,13A/En1a $MSW (#MW),[LEAD] $MSW,13C/En1a $MSW (#SEM),[LUNCH] $MSW,10/En1 $MSW (#CO23),11/En1 $MSW (#CO26)
GSW,MD4 $GSW (#CO1),,,[LUNCH] $GSW,[4PTA/MU] $GSW,[4SGCL/MU] $GSW,[4TBC/MU] $GSW,7/Mu3 $GSW (#CO2),9B/Mu1 $GSW (#CO1),,[LUNCH] $GSW,7/Mu5 $GSW (#CO2),5/Mu2 $GSW (#CO2),,,8/Mu2 $GSW (#C4),,[LUNCH] $GSW,,6/Mu1 $GSW (#CO2),6/Mu2 $GSW (#CO2),7/Mu4 $GSW (#CO2),11A/Mu1 $GSW (#CO2),5/Mu3 $GSW (#CO2),[LUNCH] $GSW,7/Mu2 $GSW (#CO2),,6/Mu3 $GSW (#CO1),,8/Mu5 $GSW (#CO1),5/Mu1 $GSW (#CO2),[LUNCH] $GSW,8/Mu4 $GSW (#CO1),,10B/Mu1 $GSW (#CO1)
CTA,SH5 $CTA (#C22),8/Pe5 $CTA (#SH3),13A/Ss1b $CTA (#C22),[LUNCH] $CTA,8/Pe3 $CTA (#SH3),9/Ga4 $CTA (#SH3),9/Ga4 $CTA (#SH3),10A/Ss1 $CTA (#C12),11B/Ss1 $CTA ($DWO) (#C26),[PPA] $CTA,13S/Sl1 $CTA (#SH3),[LUNCH] $CTA,10/Ga3 $CTA (#SH3),10/Ga3 $CTA (#SH3),5/Pe2 $CTA (#SH3),5/Pe2 $CTA (#SH3),[LEAD] $CTA,[LEAD] $CTA,[LUNCH] $CTA,Eg/Ga4 $CTA (#SH3),Eg/Ga4 $CTA (#SH3),7/Pe5 $CTA (#SH3),[PPA] $CTA,7/Pe2 $CTA (#SH3),10A/Ss1 $CTA ($DWO) (#C12),[LUNCH] $CTA,8/Ga4 $CTA (#SH3),8/Ga4 $CTA (#SH3),13S/Sl1 $CTA (#SH3),11B/Ss1 $CTA (#C26),9/Pe1 $CTA (#SH3),[PPA] $CTA,[LUNCH] $CTA,7/Ga4 $CTA (#SH3),7/Ga4 $CTA (#SH3)
ATE,MP1 $ATE (#CE3),5/En3 $ATE (#CE3),5/En3 $ATE (#CE3),[LUNCH] $ATE,6/En2 $ATE (#CE3),6/En2 $ATE (#CE3),6/Ar3 $ATE (#D5),5/En3 $ATE (#CE3),5/En3 $ATE (#CE3),6/En2 $ATE (#CE3),[LUNCH] $ATE,6/Hu2 $ATE (#CE3),[PPA] $ATE,[PPA] $ATE,6/En2 $ATE (#CE3),6/En2 $ATE (#CE3),5/En3 $ATE (#CE3),[LUNCH] $ATE,5/Hu3 $ATE (#CE3),7/Ps1 $ATE (#CE3),8/Ps1 $ATE (#CE3),5/En3 $ATE (#CE3),5/Hu3 $ATE (#CE3),7/Gg3 $ATE (#CE3),[LUNCH] $ATE,6/En2 $ATE (#CE3),6/Hu2 $ATE (#CE3),[PPA] $ATE,6/En2 $ATE (#CE3),6/Hu2 $ATE (#CE3),6/Ar2 $ATE (#D5),[LUNCH] $ATE,5/En3 $ATE (#CE3),5/Hu3 $ATE (#CE3),6/Ps3 $ATE (#CE3)
PTH,SH2 $PTH (#C26),9/En3 $PTH (#CO25),8/En2a $PTH (#CO22),11/Ae2 $PTH (#CO25),[LUNCH] $PTH,9/Ga3 $PTH (#SH5),9/Ga3 $PTH (#SH5),6/Pe2 $PTH (#SH5),6/Pe2 $PTH (#SH5),9/En3 $PTH (#CO25),[LUNCH] $PTH,8/En2a $PTH (#CO22),13C/En1b $PTH (#CO23),13A/En1b $PTH (#CO23),13A/En1b $PTH (#CO24),[PPA] $PTH,8/En2a $PTH (#CO22),9/En3 $PTH (#CO25),[LUNCH] $PTH,Eg/Ga3 $PTH (#SH5),Eg/Ga3 $PTH (#SH5),13C/En1b $PTH (#CO25),8/En2a $PTH (#CO22),[PPA] $PTH,9/En3 $PTH (#CO25),[LUNCH] $PTH,8/Ga3 $PTH (#SH5),8/Ga3 $PTH (#SH5),8/En2a $PTH (#CO22),8/Pe4 $PTH (#SH5),[PPA] $PTH,9/En3 $PTH (#CO25),[LUNCH] $PTH,7/Ga3 $PTH (#SH5),7/Ga3 $PTH (#SH5)
STR,[BLANK] $STR,[BLANK] $STR,[BLANK] $STR,[BLANK] $STR,[BLANK] $STR,[BLANK] $STR,[BLANK] $STR,8/Ma4 $STR (#CO11),12E/Ma1a $STR (#CO11),7/Ma5 $STR (#CO11),[PPA] $STR,[LUNCH] $STR,9/Ma1 $STR (#CO11),11/Ma3 $STR (#CO11),9/Ma1 $STR (#CO11),12E/Ma1a $STR (#CO11),13C/Ma1a $STR (#MW),11/Ma3 $STR (#CO11),[LUNCH] $STR,8/Ma4 $STR (#CO11),7/Ma5 $STR (#CO11),13C/Ma1a $STR (#CO11),9/Ma1 $STR (#CO11),11/Ma3 $STR (#CO11),[LUNCH] $STR,8/Ma4 $STR (#CO11),7/Ma5 $STR (#CO11),[PPA] $STR,7/Ma5 $STR (#CO11),12E/Ma1a $STR (#SEM),8/Ma4 $STR (#CO11),13C/Ma1a $STR (#CO11),[LUNCH] $STR,[PPA] $STR,9/Ma1 $STR (#CO11)
OWA,MP5 $OWA (#C25),[LEAD] $OWA,9D/Hi1 $OWA (#C25),12E/Hi1 $OWA (#C25),[LUNCH] $OWA,12D/Hi1 $OWA (#C25),[PPA] $OWA,9D/Hi1 $OWA (#C25),12E/Hi1 $OWA (#C25),12D/Hi1 $OWA (#C25),[LUNCH] $OWA,7/Hi4 $OWA (#C25),11C/Hi1 $OWA (#C25),[PPA] $OWA,7/Hi3 $OWA (#C25),12E/Hi1 $OWA (#C25),12D/Hi1 $OWA (#C25),[LUNCH] $OWA,[BLANK] $OWA,[BLANK] $OWA,[BLANK] $OWA,9C/Hi1 $OWA (#C25),11A/Hi1 $OWA (#C25),12E/Hi1 $OWA (#C25),[LUNCH] $OWA,7/Hi5 $OWA (#C25),12D/Hi1 $OWA (#C25),11C/Hi1 $OWA (#C25),9C/Hi1 $OWA (#C25),12E/Hi1 $OWA (#C25),11A/Hi1 $OWA (#C25),[LEAD] $OWA,[LUNCH] $OWA,12D/Hi1 $OWA (#C25),[PPA] $OWA
AWA,MH4 $AWA (#CO11),13C/Ma1b $AWA (#CO11),7/Ma5 $AWA (#CO11),13B/Ma1a $AWA (#CO11),[LUNCH] $AWA,8/Ma3 $AWA (#CO3),11/Ma2 $AWA (#CO12),8/Ma3 $AWA (#CO3),12E/Fm1b $AWA (#CO3),[LEAD] $AWA,[PPA] $AWA,[LUNCH] $AWA,13C/Ma1b $AWA (#SEM),11/Ma2 $AWA (#CO12),12C/Fm1a $AWA (#MW),13B/Ma1a $AWA (#SEM),[LEAD] $AWA,11/Ma2 $AWA (#CO12),[LUNCH] $AWA,8/Ma3 $AWA (#CO3),[PPA] $AWA,[LEAD] $AWA,[LEAD] $AWA,11/Ma2 $AWA (#CO12),[LUNCH] $AWA,8/Ma3 $AWA (#CO3),[LEAD] $AWA,12C/Fm1a $AWA (#MW),[LEAD] $AWA,12E/Fm1b $AWA (#CO22),8/Ma3 $AWA (#CO3),[PPA] $AWA,[LUNCH] $AWA,11/Ma2 $AWA (#CO12),13B/Ma1a $AWA (#SEM)
RWA,,,,[LUNCH] $RWA,,9/Ga6 $RWA (#SH6),9/Ga6 $RWA (#SH6),,,,[LUNCH] $RWA,,,,,,,[LUNCH] $RWA,,,,,,,[LUNCH] $RWA,,8/Ga6 $RWA (#SH6),8/Ga6 $RWA (#SH6),,,,[LUNCH] $RWA,,7/Ga6 $RWA (#SH6),7/Ga6 $RWA (#SH6)
JWI,SH1 $JWI (#CO26),13C/Fm1b $JWI (#CO3),7/Ma4 $JWI (#CO21),12E/Fm1a $JWI (#CO24),[LUNCH] $JWI,8/Ma2 $JWI (#CO4),12C/Fm1b $JWI (#CO23);13E/Fm1b $JWI (#CO23),8/Ma2 $JWI (#CO4),[PPA] $JWI,7/Ma4 $JWI (#CO21),10/Ma1 $JWI (#CO3),[LUNCH] $JWI,9/Ma2 $JWI (#CO12),12C/Fm1b $JWI (#CO21),9/Ma2 $JWI (#CO12),12E/Fm1a $JWI (#CO24),10/Ma1 $JWI (#CO3),13E/Fm1b $JWI (#CO21),[LUNCH] $JWI,8/Ma2 $JWI (#CO4),7/Ma4 $JWI (#CO24),[PPA] $JWI,9/Ma2 $JWI (#CO12),12E/Fm1a $JWI (#CO24),[LUNCH] $JWI,8/Ma2 $JWI (#CO4),7/Ma4 $JWI (#CO21),10/Ma1 $JWI (#CO3),7/Ma4 $JWI (#CO21),10/Ma1 $JWI (#CO3),8/Ma2 $JWI (#CO4),13C/Fm1b $JWI (#CO3),[LUNCH] $JWI,[PPA] $JWI,9/Ma2 $JWI (#CO12)
DWO,,,,9A/Ss1 $NAR ($DWO) (#C24),,,,,11B/Ss1 $CTA ($DWO) (#C26),,11D/Ss1 $RSN ($DWO) (#CD1),,,,,,,,,,,,,,10A/Ss1 $CTA ($DWO) (#C12),,,,9C/Ss1 $SSM ($DWO) (#C4),,,,,,
VYO,MD3 $VYO (#D2),11D/Dt1 $VYO (#C12) (#D2),[PPA] $VYO,[LUNCH] $VYO,7/Dt3 $VYO (#D2),10C/Dt1 $VYO (#D2),5/Ar1 $VYO (#D2),[PPA] $VYO,9B/Dt1 $VYO (#D2),8/Dt1 $VYO (#D2),11D/Dt1 $VYO (#C12) (#D2),[LUNCH] $VYO,11C/Dt1 $VYO (#D2),5/Dt1 $VYO (#D2),10C/Dt1 $VYO (#D2),9B/Dt1 $VYO (#D2),7/Dt4 $VYO (#D2),[LUNCH] $VYO,8/Dt4 $VYO (#D2),6/Dt2 $VYO (#D2),6/Dt3 $VYO (#D2),[BLANK] $VYO,[BLANK] $VYO,[BLANK] $VYO,[BLANK] $VYO,[BLANK] $VYO,[BLANK] $VYO,[BLANK] $VYO,[BLANK] $VYO,[BLANK] $VYO,[BLANK] $VYO,[BLANK] $VYO,[BLANK] $VYO,[BLANK] $VYO,[BLANK] $VYO
